title,score,url,num_comments,created
Sunday Daily Thread: What's everyone working on this week?,4,https://www.reddit.com/r/Python/comments/1frro25/sunday_daily_thread_whats_everyone_working_on/,3,2024-09-29 02:00:18
Saturday Daily Thread: Resource Request and Sharing! Daily Thread,3,https://www.reddit.com/r/Python/comments/1fr1qjk/saturday_daily_thread_resource_request_and/,1,2024-09-28 02:00:13
Learning a language other than Python?,92,https://www.reddit.com/r/Python/comments/1fribvi/learning_a_language_other_than_python/,100,2024-09-28 18:38:04
"PeepDB v0.1.4 - Support for MongoDB and SQLite added , GUI next time",39,https://www.reddit.com/r/Python/comments/1frffq2/peepdb_v014_support_for_mongodb_and_sqlite_added/,1,2024-09-28 16:25:33
Join the Bot Battle: Create Your Own!,17,https://www.reddit.com/r/Python/comments/1frh5u8/join_the_bot_battle_create_your_own/,10,2024-09-28 17:45:33
WTF is ASGI and WSGI in python apps? - A writeup,133,https://www.reddit.com/r/Python/comments/1fr59e2/wtf_is_asgi_and_wsgi_in_python_apps_a_writeup/,13,2024-09-28 05:16:48
How does sleep work under the hood in python,0,https://www.reddit.com/r/Python/comments/1frry07/how_does_sleep_work_under_the_hood_in_python/,6,2024-09-29 02:14:58
Join the Bot Battle: Create Your Own!,0,https://www.reddit.com/r/Python/comments/1frfor2/join_the_bot_battle_create_your_own/,0,2024-09-28 16:37:32
Django ninja aio crud - Rest Framework,12,https://www.reddit.com/r/Python/comments/1fr1z92/django_ninja_aio_crud_rest_framework/,0,2024-09-28 02:12:49
What are some of Pydantic's most annoying aspects / limitations?,61,https://www.reddit.com/r/Python/comments/1fqovy7/what_are_some_of_pydantics_most_annoying_aspects/,54,2024-09-27 16:21:30
"pyPIDTune: A Python PID Tuning Library with Logger, Simulator, and Process Emulator ðŸŽ‰",72,https://www.reddit.com/r/Python/comments/1fqmsio/pypidtune_a_python_pid_tuning_library_with_logger/,12,2024-09-27 14:42:13
"Python in Excel, does it make sense to you?",82,https://www.reddit.com/r/Python/comments/1fqj9oj/python_in_excel_does_it_make_sense_to_you/,110,2024-09-27 10:51:25
The Riccardo (Fourier) transform,4,https://www.reddit.com/r/Python/comments/1fr0of4/the_riccardo_fourier_transform/,4,2024-09-28 01:07:19
LangDict : Build complex LLM Applications with Python Dictionary,12,https://www.reddit.com/r/Python/comments/1fqre92/langdict_build_complex_llm_applications_with/,1,2024-09-27 18:09:45
Understanding Django Models,0,https://www.reddit.com/r/Python/comments/1fr7kp9/understanding_django_models/,20,2024-09-28 07:46:52
First Python Project: Minecraft Cloud Synchronization,14,https://www.reddit.com/r/Python/comments/1fqhocd/first_python_project_minecraft_cloud/,3,2024-09-27 08:48:20
Literate Programming with Python: A Quick Start Guide and Community Project,7,https://www.reddit.com/r/Python/comments/1fqj1my/literate_programming_with_python_a_quick_start/,12,2024-09-27 10:33:50
"I realized I didn't know how a web framework worked, so I wrote one! Spiderweb 1.2.1 now live!",170,https://www.reddit.com/r/Python/comments/1fpxris/i_realized_i_didnt_know_how_a_web_framework/,20,2024-09-26 16:38:42
Search YouTube Comments: Raw and with GeminiAI,0,https://www.reddit.com/r/Python/comments/1fquhxm/search_youtube_comments_raw_and_with_geminiai/,0,2024-09-27 20:24:44
Opik: Open source LLM evaluation framework,53,https://www.reddit.com/r/Python/comments/1fq33rw/opik_open_source_llm_evaluation_framework/,6,2024-09-26 20:21:35
[D] Has anyone moved over to numpy2.0? What are some cool magic(s) that you have learned so far?,29,https://www.reddit.com/r/Python/comments/1fq35j1/d_has_anyone_moved_over_to_numpy20_what_are_some/,8,2024-09-26 20:23:37
Reshape Data in Polars Efficiently from Wide to Long Form,8,https://www.reddit.com/r/Python/comments/1fq8rf0/reshape_data_in_polars_efficiently_from_wide_to/,5,2024-09-27 00:25:00
Understanding Django Models,0,https://www.reddit.com/r/Python/comments/1fr2t0q/understanding_django_models/,2,2024-09-28 02:57:14
Looking for volunteers to take my Python course and give feedback ,11,https://www.reddit.com/r/Python/comments/1fq5567/looking_for_volunteers_to_take_my_python_course/,129,2024-09-26 21:48:05
Monthly Python Data Engineerig September issue and How Data Platforms Work free book,12,https://www.reddit.com/r/Python/comments/1fq0qoc/monthly_python_data_engineerig_september_issue/,3,2024-09-26 18:43:28
Im trying to create also learn a Notifier where if the server is up i will get a message that regist,0,https://www.reddit.com/r/Python/comments/1fqmim3/im_trying_to_create_also_learn_a_notifier_where/,4,2024-09-27 14:28:04
Friday Daily Thread: r/Python Meta and Free-Talk Fridays,2,https://www.reddit.com/r/Python/comments/1fqar0b/friday_daily_thread_rpython_meta_and_freetalk/,5,2024-09-27 02:00:40
Formulaire Python,0,https://www.reddit.com/r/Python/comments/1fqrz6p/formulaire_python/,2,2024-09-27 18:35:12
show: 200 line pygame hotreloader,5,https://www.reddit.com/r/Python/comments/1fq3ola/show_200_line_pygame_hotreloader/,1,2024-09-26 20:46:14
Reflex v0.6.0 - Frontend. Backend. Pure Python,170,https://www.reddit.com/r/Python/comments/1fpf1lx/reflex_v060_frontend_backend_pure_python/,40,2024-09-25 22:54:06
My python program now lets LLMs running on both Ollama and Llama.cpp search the internet!,0,https://www.reddit.com/r/Python/comments/1fqf96f/my_python_program_now_lets_llms_running_on_both/,0,2024-09-27 06:03:42
FileSystemPro 1.0.4.0,5,https://www.reddit.com/r/Python/comments/1fpy0hm/filesystempro_1040/,5,2024-09-26 16:49:23
Adding non-python dependencies with uv,0,https://www.reddit.com/r/Python/comments/1fq8dz7/adding_nonpython_dependencies_with_uv/,10,2024-09-27 00:07:48
`streamable`: Stream-like manipulation of iterables,90,https://www.reddit.com/r/Python/comments/1fp38jd/streamable_streamlike_manipulation_of_iterables/,16,2024-09-25 14:30:19
"[Article] The Essential Guide to Large Language Modelâ€™s Structured Output, and Function Calling",10,https://www.reddit.com/r/Python/comments/1fpiod8/article_the_essential_guide_to_large_language/,2,2024-09-26 01:39:30
"changing log levels without deploying / restarting
",18,https://www.reddit.com/r/Python/comments/1fpa5m3/changing_log_levels_without_deploying_restarting/,13,2024-09-25 19:28:17
"MAD (Machine Learning, AI, Data) Map for real-time Python",7,https://www.reddit.com/r/Python/comments/1fpd2nv/mad_machine_learning_ai_data_map_for_realtime/,0,2024-09-25 21:30:30
"Practical Applications of Emerging Tech in Data Science
",5,https://www.reddit.com/r/Python/comments/1fpb1m7/practical_applications_of_emerging_tech_in_data/,0,2024-09-25 20:04:55
"Thursday Daily Thread: Python Careers, Courses, and Furthering Education!",2,https://www.reddit.com/r/Python/comments/1fpj37t/thursday_daily_thread_python_careers_courses_and/,4,2024-09-26 02:00:09
ParScrape v0.4.5 Released,34,https://www.reddit.com/r/Python/comments/1foqa9o/parscrape_v045_released/,3,2024-09-25 01:16:40
Connor: Fast and fully local NLP file organizer that organizes files based on their textual content ,32,https://www.reddit.com/r/Python/comments/1fohm7y/connor_fast_and_fully_local_nlp_file_organizer/,9,2024-09-24 19:06:24
Wednesday Daily Thread: Beginner questions,9,https://www.reddit.com/r/Python/comments/1for63c/wednesday_daily_thread_beginner_questions/,9,2024-09-25 02:00:09
Some thoughts on omegaconf and hydra,14,https://www.reddit.com/r/Python/comments/1fokrl9/some_thoughts_on_omegaconf_and_hydra/,2,2024-09-24 21:16:17
ShareLMAPI: Local Language Model API for Efficient Model Sharing Across Devices and Programs,10,https://www.reddit.com/r/Python/comments/1foch4h/sharelmapi_local_language_model_api_for_efficient/,1,2024-09-24 15:27:44
Optimal solution for the Number of Kobon Triangles with Eleven Lines ,2,https://www.reddit.com/r/Python/comments/1fon7hb/optimal_solution_for_the_number_of_kobon/,3,2024-09-24 22:58:08
Open-sourced FastAPI reference architecture,63,https://www.reddit.com/r/Python/comments/1fnwxxy/opensourced_fastapi_reference_architecture/,18,2024-09-24 00:12:29
Best Python Libraries for AI/ML: Which Ones Deserve More Attention?,53,https://www.reddit.com/r/Python/comments/1fnt66a/best_python_libraries_for_aiml_which_ones_deserve/,31,2024-09-23 21:32:03
benchmark http requests libraries,16,https://www.reddit.com/r/Python/comments/1fo1hd2/benchmark_http_requests_libraries/,16,2024-09-24 03:55:06
A PyQt TodoMVC cross-OS desktop app,12,https://www.reddit.com/r/Python/comments/1fnl415/a_pyqt_todomvc_crossos_desktop_app/,6,2024-09-23 15:59:05
Tuesday Daily Thread: Advanced questions,1,https://www.reddit.com/r/Python/comments/1fnz87u/tuesday_daily_thread_advanced_questions/,3,2024-09-24 02:00:09
